input size,time
10,1.23e-05
100,3.19e-05
1000,0.0002337
10000,0.0026645
100000,0.0276229
1000000,0.271824
10000000,2.28354
100000000,23.1667
1000000000,250.788