input size,time
10,1.54e-05
100,0.0001376
1000,0.0014748
10000,0.0180386
100000,0.183646
1000000,1.90153
10000000,20.3834
100000000,237.457
