input size,time
10,9.3e-06
100,8.94e-05
1000,0.0005573
10000,0.0069514
100000,0.0794552
1000000,0.91709
10000000,9.51958
100000000,106.041
1000000000,1611.22
