input size,time
10,2.446e-06
100,1.0395e-05
1000,9.1632e-05
10000,0.000989672
100000,0.010433
1000000,0.109561
10000000,1.13402
100000000,11.875
1000000000,127.072
