input size,time
10,2.24e-05
100,0.0002643
1000,0.0018809
10000,0.0217979
100000,0.22728
1000000,2.30823
10000000,30.1903
100000000,344.165
